<?xml version="1.0" encoding="utf-8" ?>
<dwsync>
<file name="arco.php" server="ftp.soturismo.com.br//public_html/siteNutricao/" local="127005876000000000" remote="130124290800000000" />
<file name="circulo.php" server="ftp.soturismo.com.br//public_html/siteNutricao/" local="127005924600000000" remote="130124290800000000" />
<file name="config_grafico.inc" server="ftp.soturismo.com.br//public_html/siteNutricao/" local="127014732000000000" remote="130124290800000000" />
<file name="config_grafico_colunas.inc" server="ftp.soturismo.com.br//public_html/siteNutricao/" local="127017150600000000" remote="130124290800000000" />
<file name="contador.html" server="ftp.soturismo.com.br//public_html/siteNutricao/" local="127010367600000000" remote="130124290800000000" />
<file name="contador.php" server="ftp.soturismo.com.br//public_html/siteNutricao/" local="130125968063821600" remote="130125967800000000" />
<file name="contador.txt" server="ftp.soturismo.com.br//public_html/siteNutricao/" local="130125952200000000" remote="130125952200000000" />
<file name="contador_mysqli.php" server="ftp.soturismo.com.br//public_html/siteNutricao/" local="128491422920000000" remote="130124290800000000" />
<file name="create.sql" server="ftp.soturismo.com.br//public_html/siteNutricao/" local="127021504800000000" remote="130124290800000000" />
<file name="elipse.php" server="ftp.soturismo.com.br//public_html/siteNutricao/" local="127005912600000000" remote="130124290800000000" />
<file name="estrela.php" server="ftp.soturismo.com.br//public_html/siteNutricao/" local="127003591200000000" remote="130124290800000000" />
<file name="fonte.php" server="ftp.soturismo.com.br//public_html/siteNutricao/" local="127009511400000000" remote="130124290800000000" />
<file name="foto.jpg" server="ftp.soturismo.com.br//public_html/siteNutricao/" local="126939517800000000" remote="130124290800000000" />
<file name="foto.php" server="ftp.soturismo.com.br//public_html/siteNutricao/" local="127011286800000000" remote="130124290800000000" />
<file name="foto_escrito.jpg" server="ftp.soturismo.com.br//public_html/siteNutricao/" local="128491981000000000" remote="130124290800000000" />
<file name="gera_miniatura.php" server="ftp.soturismo.com.br//public_html/siteNutricao/" local="127022370000000000" remote="130124290800000000" />
<file name="grafico.php" server="ftp.soturismo.com.br//public_html/siteNutricao/" local="127016431200000000" remote="130124290800000000" />
<file name="grafico_bd.php" server="ftp.soturismo.com.br//public_html/siteNutricao/" local="130126013369115235" remote="130126012800000000" />
<file name="grafico_colunas.php" server="ftp.soturismo.com.br//public_html/siteNutricao/" local="127020206400000000" remote="130124290800000000" />
<file name="grafico_colunas_bd.php" server="ftp.soturismo.com.br//public_html/siteNutricao/" local="130126026531280615" remote="130126048200000000" />
<file name="grafico_linhas.php" server="ftp.soturismo.com.br//public_html/siteNutricao/" local="127021482000000000" remote="130124290800000000" />
<file name="linha.php" server="ftp.soturismo.com.br//public_html/siteNutricao/" local="127130459400000000" remote="130124290800000000" />
<file name="mysql.php" server="ftp.soturismo.com.br//public_html/siteNutricao/" local="127010231400000000" remote="130124290800000000" />
<file name="poligono.php" server="ftp.soturismo.com.br//public_html/siteNutricao/" local="127003575000000000" remote="130124290800000000" />
<file name="retangulo.php" server="ftp.soturismo.com.br//public_html/siteNutricao/" local="127003489200000000" remote="130124290800000000" />
<file name="retangulo2.php" server="ftp.soturismo.com.br//public_html/siteNutricao/" local="127003507800000000" remote="130124290800000000" />
<file name="sorriso.php" server="ftp.soturismo.com.br//public_html/siteNutricao/" local="127006029000000000" remote="130124290800000000" />
<file name="texto.php" server="ftp.soturismo.com.br//public_html/siteNutricao/" local="127006142400000000" remote="130124290800000000" />
<file name="texto_vertical.php" server="ftp.soturismo.com.br//public_html/siteNutricao/" local="127006152000000000" remote="130124290800000000" />
</dwsync>