<?xml version="1.0" encoding="utf-8" ?>
<dwsync>
<file name="caixatexto.php" server="ftp.soturismo.com.br//public_html/siteNutricao/" local="130129439851522679" remote="130129439400000000" />
<file name="circulos.php" server="ftp.soturismo.com.br//public_html/siteNutricao/" local="128496585380000000" remote="130124291400000000" />
<file name="coordenadas.php" server="ftp.soturismo.com.br//public_html/siteNutricao/" local="130129439273610449" remote="130129438800000000" />
<file name="create.sql" server="ftp.soturismo.com.br//public_html/siteNutricao/" local="127027735200000000" remote="130124291400000000" />
<file name="exemplo2_fpdf.php" server="ftp.soturismo.com.br//public_html/siteNutricao/" local="127038754800000000" remote="130124291400000000" />
<file name="exemplo_fpdf.php" server="ftp.soturismo.com.br//public_html/siteNutricao/" local="127038718200000000" remote="130124291400000000" />
<file name="flamengo.jpg" server="ftp.soturismo.com.br//public_html/siteNutricao/" local="127035399000000000" remote="130124291400000000" />
<file name="gera_relatorio.php" server="ftp.soturismo.com.br//public_html/siteNutricao/" local="130130353494818594" remote="130130353200000000" />
<file name="gera_relatorio_mysql.php" server="ftp.soturismo.com.br//public_html/siteNutricao/" local="128497324400000000" remote="130124292000000000" />
<file name="gremio.jpg" server="ftp.soturismo.com.br//public_html/siteNutricao/" local="127035399000000000" remote="130124292000000000" />
<file name="imagens.php" server="ftp.soturismo.com.br//public_html/siteNutricao/" local="128496548960000000" remote="130124292000000000" />
<file name="linhas.php" server="ftp.soturismo.com.br//public_html/siteNutricao/" local="128496555440000000" remote="130124292000000000" />
<file name="matematica.jpg" server="ftp.soturismo.com.br//public_html/siteNutricao/" local="127036146000000000" remote="130124292000000000" />
<file name="modelo.php" server="ftp.soturismo.com.br//public_html/siteNutricao/" local="128496593720000000" remote="130124292000000000" />
<file name="postgresql.jpg" server="ftp.soturismo.com.br//public_html/siteNutricao/" local="127026643200000000" remote="130124292000000000" />
<file name="postgresql2.jpg" server="ftp.soturismo.com.br//public_html/siteNutricao/" local="127026853800000000" remote="130124292000000000" />
<file name="primeiro.php" server="ftp.soturismo.com.br//public_html/siteNutricao/" local="130129288815965871" remote="130129291200000000" />
<file name="referencias.php" server="ftp.soturismo.com.br//public_html/siteNutricao/" local="128497226620000000" remote="130124292000000000" />
<file name="retangulos.php" server="ftp.soturismo.com.br//public_html/siteNutricao/" local="128496582040000000" remote="130124292000000000" />
<file name="teste.txt" server="ftp.soturismo.com.br//public_html/siteNutricao/" local="127036143000000000" remote="130124292000000000" />
<file name="texto.php" server="ftp.soturismo.com.br//public_html/siteNutricao/" local="130129527142049009" remote="130129527000000000" />
<file name="txt2pdf.php" server="ftp.soturismo.com.br//public_html/siteNutricao/" local="128497279100000000" remote="130124292000000000" />
<file name="Times New Roman.ttf" server="ftp.soturismo.com.br//public_html/siteNutricao/" local="129741323400000000" remote="130129291200000000" />
</dwsync>