<?xml version="1.0" encoding="UTF-8"?>
<services-config>
	<services>
		<service id="amfphp-flashremoting-service" class="flex.messaging.services.RemotingService" messageTypes="flex.messaging.messages.RemotingMessage">
			<destination id="amfphp">
				<channels>
					<channel ref="phpeficaz"/>
				</channels>
				<properties>
					<source>*</source>
				</properties>
			</destination>
		</service>
	</services>
	<channels>
		<channel-definition id="phpeficaz" class="mx.messaging.channels.AMFChannel">
			<endpoint uri="http://livro/capitulo15/gateway.php" class="flex.messaging.endpoints.AMFEndpoint"/>
		</channel-definition>
	</channels>
</services-config>