<?xml version="1.0" encoding="utf-8" ?>
<dwsync>
<file name="cp1250.map" server="ftp.soturismo.com.br//public_html/siteNutricao/" local="126656234520000000" remote="130130370000000000" />
<file name="cp1251.map" server="ftp.soturismo.com.br//public_html/siteNutricao/" local="126645787840000000" remote="130130370000000000" />
<file name="cp1252.map" server="ftp.soturismo.com.br//public_html/siteNutricao/" local="126645787840000000" remote="130130370000000000" />
<file name="cp1253.map" server="ftp.soturismo.com.br//public_html/siteNutricao/" local="126650961360000000" remote="130130370000000000" />
<file name="cp1254.map" server="ftp.soturismo.com.br//public_html/siteNutricao/" local="126806782080000000" remote="130130370000000000" />
<file name="cp1255.map" server="ftp.soturismo.com.br//public_html/siteNutricao/" local="127001897540000000" remote="130130370000000000" />
<file name="cp1257.map" server="ftp.soturismo.com.br//public_html/siteNutricao/" local="126726166460000000" remote="130130370000000000" />
<file name="cp1258.map" server="ftp.soturismo.com.br//public_html/siteNutricao/" local="127173127060000000" remote="130130370000000000" />
<file name="cp874.map" server="ftp.soturismo.com.br//public_html/siteNutricao/" local="126898202440000000" remote="130130370000000000" />
<file name="iso-8859-1.map" server="ftp.soturismo.com.br//public_html/siteNutricao/" local="126653451680000000" remote="130130370000000000" />
<file name="iso-8859-11.map" server="ftp.soturismo.com.br//public_html/siteNutricao/" local="126898201540000000" remote="130130370000000000" />
<file name="iso-8859-15.map" server="ftp.soturismo.com.br//public_html/siteNutricao/" local="126653450960000000" remote="130130370000000000" />
<file name="iso-8859-16.map" server="ftp.soturismo.com.br//public_html/siteNutricao/" local="126653465800000000" remote="130130370000000000" />
<file name="iso-8859-2.map" server="ftp.soturismo.com.br//public_html/siteNutricao/" local="126653452460000000" remote="130130370000000000" />
<file name="iso-8859-4.map" server="ftp.soturismo.com.br//public_html/siteNutricao/" local="126726163500000000" remote="130130370600000000" />
<file name="iso-8859-5.map" server="ftp.soturismo.com.br//public_html/siteNutricao/" local="126653531100000000" remote="130130370600000000" />
<file name="iso-8859-7.map" server="ftp.soturismo.com.br//public_html/siteNutricao/" local="126653570820000000" remote="130130370600000000" />
<file name="iso-8859-9.map" server="ftp.soturismo.com.br//public_html/siteNutricao/" local="126807484460000000" remote="130130370600000000" />
<file name="koi8-r.map" server="ftp.soturismo.com.br//public_html/siteNutricao/" local="126653557520000000" remote="130130370600000000" />
<file name="koi8-u.map" server="ftp.soturismo.com.br//public_html/siteNutricao/" local="127171254560000000" remote="130130370600000000" />
<file name="makefont.php" server="ftp.soturismo.com.br//public_html/siteNutricao/" local="129528878860000000" remote="130130370600000000" />
<file name="ttfparser.php" server="ftp.soturismo.com.br//public_html/siteNutricao/" local="129528878760000000" remote="130130370600000000" />
</dwsync>