<?xml version="1.0" encoding="utf-8" ?>
<dwsync>
<file name="caixatexto.php" server="ftp.soturismo.com.br//public_html/siteNutricao/" local="127032918600000000" remote="130124291400000000" />
<file name="circulos.php" server="ftp.soturismo.com.br//public_html/siteNutricao/" local="127035256200000000" remote="130124291400000000" />
<file name="coordenadas.php" server="ftp.soturismo.com.br//public_html/siteNutricao/" local="127032901200000000" remote="130124291400000000" />
<file name="coordenadas2.php" server="ftp.soturismo.com.br//public_html/siteNutricao/" local="127032901200000000" remote="130124291400000000" />
<file name="create.sql" server="ftp.soturismo.com.br//public_html/siteNutricao/" local="127027735200000000" remote="130124291400000000" />
<file name="exemplo2_fpdf.php" server="ftp.soturismo.com.br//public_html/siteNutricao/" local="127038754800000000" remote="130124291400000000" />
<file name="exemplo_fpdf.php" server="ftp.soturismo.com.br//public_html/siteNutricao/" local="127038718200000000" remote="130124291400000000" />
<file name="flamengo.jpg" server="ftp.soturismo.com.br//public_html/siteNutricao/" local="127035399000000000" remote="130124291400000000" />
<file name="gera_relatorio.php" server="ftp.soturismo.com.br//public_html/siteNutricao/" local="127036291800000000" remote="130124291400000000" />
<file name="gremio.jpg" server="ftp.soturismo.com.br//public_html/siteNutricao/" local="127035399000000000" remote="130124291400000000" />
<file name="imagens.php" server="ftp.soturismo.com.br//public_html/siteNutricao/" local="127033594800000000" remote="130124291400000000" />
<file name="linhas.php" server="ftp.soturismo.com.br//public_html/siteNutricao/" local="127035238200000000" remote="130124291400000000" />
<file name="matematica.jpg" server="ftp.soturismo.com.br//public_html/siteNutricao/" local="127036146000000000" remote="130124291400000000" />
<file name="modelo.php" server="ftp.soturismo.com.br//public_html/siteNutricao/" local="127035292200000000" remote="130124291400000000" />
<file name="postgresql.jpg" server="ftp.soturismo.com.br//public_html/siteNutricao/" local="127026643200000000" remote="130124291400000000" />
<file name="postgresql2.jpg" server="ftp.soturismo.com.br//public_html/siteNutricao/" local="127026853800000000" remote="130124291400000000" />
<file name="primeiro.php" server="ftp.soturismo.com.br//public_html/siteNutricao/" local="127032817200000000" remote="130124291400000000" />
<file name="referencias.php" server="ftp.soturismo.com.br//public_html/siteNutricao/" local="127035438600000000" remote="130124291400000000" />
<file name="retangulos.php" server="ftp.soturismo.com.br//public_html/siteNutricao/" local="127035243600000000" remote="130124291400000000" />
<file name="teste.txt" server="ftp.soturismo.com.br//public_html/siteNutricao/" local="127036143000000000" remote="130124291400000000" />
<file name="texto.php" server="ftp.soturismo.com.br//public_html/siteNutricao/" local="127033556400000000" remote="130124291400000000" />
<file name="txt2pdf.php" server="ftp.soturismo.com.br//public_html/siteNutricao/" local="127036177800000000" remote="130124291400000000" />
</dwsync>