<?xml version="1.0" encoding="utf-8" ?>
<dwsync>
<file name="cp1250.map" server="ftp.soturismo.com.br//public_html/siteNutricao/" local="126656198400000000" remote="130124291400000000" />
<file name="cp1251.map" server="ftp.soturismo.com.br//public_html/siteNutricao/" local="126645751800000000" remote="130124291400000000" />
<file name="cp1252.map" server="ftp.soturismo.com.br//public_html/siteNutricao/" local="126645751800000000" remote="130124291400000000" />
<file name="cp1253.map" server="ftp.soturismo.com.br//public_html/siteNutricao/" local="126650925000000000" remote="130124291400000000" />
<file name="cp1254.map" server="ftp.soturismo.com.br//public_html/siteNutricao/" local="126806745600000000" remote="130124291400000000" />
<file name="cp1257.map" server="ftp.soturismo.com.br//public_html/siteNutricao/" local="126726130200000000" remote="130124291400000000" />
<file name="iso-8859-1.map" server="ftp.soturismo.com.br//public_html/siteNutricao/" local="126653415600000000" remote="130124291400000000" />
<file name="iso-8859-15.map" server="ftp.soturismo.com.br//public_html/siteNutricao/" local="126653414400000000" remote="130124291400000000" />
<file name="iso-8859-16.map" server="ftp.soturismo.com.br//public_html/siteNutricao/" local="126653429400000000" remote="130124291400000000" />
<file name="iso-8859-2.map" server="ftp.soturismo.com.br//public_html/siteNutricao/" local="126653416200000000" remote="130124291400000000" />
<file name="iso-8859-4.map" server="ftp.soturismo.com.br//public_html/siteNutricao/" local="126726127200000000" remote="130124291400000000" />
<file name="iso-8859-5.map" server="ftp.soturismo.com.br//public_html/siteNutricao/" local="126653494800000000" remote="130124291400000000" />
<file name="iso-8859-7.map" server="ftp.soturismo.com.br//public_html/siteNutricao/" local="126653534400000000" remote="130124291400000000" />
<file name="iso-8859-9.map" server="ftp.soturismo.com.br//public_html/siteNutricao/" local="126807448200000000" remote="130124291400000000" />
<file name="koi8-r.map" server="ftp.soturismo.com.br//public_html/siteNutricao/" local="126653521200000000" remote="130124291400000000" />
<file name="makefont.php" server="ftp.soturismo.com.br//public_html/siteNutricao/" local="126807454200000000" remote="130124291400000000" />
</dwsync>