<?xml version="1.0" encoding="utf-8" ?>
<dwsync>
<file name="cadastro.html" server="ftp.soturismo.com.br//public_html/siteNutricao/" local="127082985000000000" remote="130124290800000000" />
<file name="cadastro.php" server="ftp.soturismo.com.br//public_html/siteNutricao/" local="127083068400000000" remote="130124290800000000" />
<file name="caracteres_especiais.php" server="ftp.soturismo.com.br//public_html/siteNutricao/" local="127081026000000000" remote="130124290800000000" />
<file name="formulario.html" server="ftp.soturismo.com.br//public_html/siteNutricao/" local="127078666200000000" remote="130124290800000000" />
<file name="formulario2.html" server="ftp.soturismo.com.br//public_html/siteNutricao/" local="127078679400000000" remote="130124290800000000" />
<file name="valida_cnpj.php" server="ftp.soturismo.com.br//public_html/siteNutricao/" local="127082820000000000" remote="130124290800000000" />
<file name="valida_cpf.php" server="ftp.soturismo.com.br//public_html/siteNutricao/" local="127082761800000000" remote="130124290800000000" />
<file name="valida_formulario.html" server="ftp.soturismo.com.br//public_html/siteNutricao/" local="127081078200000000" remote="130124290800000000" />
</dwsync>