<?xml version="1.0" encoding="utf-8" ?>
<dwsync>
<file name="20k_c1.txt" server="ftp.soturismo.com.br//public_html/siteNutricao/" local="126517970400000000" remote="130124291400000000" />
<file name="20k_c2.txt" server="ftp.soturismo.com.br//public_html/siteNutricao/" local="126517986000000000" remote="130124291400000000" />
<file name="calligra.afm" server="ftp.soturismo.com.br//public_html/siteNutricao/" local="126656451000000000" remote="130124291400000000" />
<file name="calligra.php" server="ftp.soturismo.com.br//public_html/siteNutricao/" local="126670065000000000" remote="130124291400000000" />
<file name="calligra.ttf" server="ftp.soturismo.com.br//public_html/siteNutricao/" local="123627276000000000" remote="130124291400000000" />
<file name="calligra.z" server="ftp.soturismo.com.br//public_html/siteNutricao/" local="126670065000000000" remote="130124291400000000" />
<file name="countries.txt" server="ftp.soturismo.com.br//public_html/siteNutricao/" local="126593356800000000" remote="130124291400000000" />
<file name="index.htm" server="ftp.soturismo.com.br//public_html/siteNutricao/" local="126861757200000000" remote="130124291400000000" />
<file name="logo.png" server="ftp.soturismo.com.br//public_html/siteNutricao/" local="126630358200000000" remote="130124291400000000" />
<file name="logo_pb.png" server="ftp.soturismo.com.br//public_html/siteNutricao/" local="126491073600000000" remote="130124291400000000" />
<file name="makefont.php" server="ftp.soturismo.com.br//public_html/siteNutricao/" local="126683205000000000" remote="130124291400000000" />
<file name="tuto1.htm" server="ftp.soturismo.com.br//public_html/siteNutricao/" local="126858619800000000" remote="130124291400000000" />
<file name="tuto1.php" server="ftp.soturismo.com.br//public_html/siteNutricao/" local="126858619800000000" remote="130124291400000000" />
<file name="tuto2.htm" server="ftp.soturismo.com.br//public_html/siteNutricao/" local="126857730600000000" remote="130124291400000000" />
<file name="tuto2.php" server="ftp.soturismo.com.br//public_html/siteNutricao/" local="126857730600000000" remote="130124291400000000" />
<file name="tuto3.htm" server="ftp.soturismo.com.br//public_html/siteNutricao/" local="126857730600000000" remote="130124291400000000" />
<file name="tuto3.php" server="ftp.soturismo.com.br//public_html/siteNutricao/" local="126857730600000000" remote="130124291400000000" />
<file name="tuto4.htm" server="ftp.soturismo.com.br//public_html/siteNutricao/" local="126857730600000000" remote="130124291400000000" />
<file name="tuto4.php" server="ftp.soturismo.com.br//public_html/siteNutricao/" local="126857730600000000" remote="130124291400000000" />
<file name="tuto5.htm" server="ftp.soturismo.com.br//public_html/siteNutricao/" local="126857730600000000" remote="130124291400000000" />
<file name="tuto5.php" server="ftp.soturismo.com.br//public_html/siteNutricao/" local="126857730600000000" remote="130124291400000000" />
<file name="tuto6.htm" server="ftp.soturismo.com.br//public_html/siteNutricao/" local="126858611400000000" remote="130124291400000000" />
<file name="tuto6.php" server="ftp.soturismo.com.br//public_html/siteNutricao/" local="126858611400000000" remote="130124291400000000" />
<file name="tuto7.htm" server="ftp.soturismo.com.br//public_html/siteNutricao/" local="126861757200000000" remote="130124291400000000" />
<file name="tuto7.php" server="ftp.soturismo.com.br//public_html/siteNutricao/" local="126682377600000000" remote="130124291400000000" />
</dwsync>