<?xml version="1.0" encoding="utf-8" ?>
<dwsync>
<file name="courier.php" server="ftp.soturismo.com.br//public_html/siteNutricao/" local="129528875280000000" remote="130130370000000000" />
<file name="courierb.php" server="ftp.soturismo.com.br//public_html/siteNutricao/" local="129528875280000000" remote="130130370000000000" />
<file name="courierbi.php" server="ftp.soturismo.com.br//public_html/siteNutricao/" local="129528875000000000" remote="130130370000000000" />
<file name="courieri.php" server="ftp.soturismo.com.br//public_html/siteNutricao/" local="129528875000000000" remote="130130370000000000" />
<file name="helvetica.php" server="ftp.soturismo.com.br//public_html/siteNutricao/" local="129528875280000000" remote="130130370000000000" />
<file name="helveticab.php" server="ftp.soturismo.com.br//public_html/siteNutricao/" local="129528875280000000" remote="130130370000000000" />
<file name="helveticabi.php" server="ftp.soturismo.com.br//public_html/siteNutricao/" local="129528875000000000" remote="130130370000000000" />
<file name="helveticai.php" server="ftp.soturismo.com.br//public_html/siteNutricao/" local="129528875280000000" remote="130130370000000000" />
<file name="symbol.php" server="ftp.soturismo.com.br//public_html/siteNutricao/" local="129528875000000000" remote="130130370000000000" />
<file name="times.php" server="ftp.soturismo.com.br//public_html/siteNutricao/" local="129528875000000000" remote="130130370000000000" />
<file name="timesb.php" server="ftp.soturismo.com.br//public_html/siteNutricao/" local="129528875280000000" remote="130130370000000000" />
<file name="timesbi.php" server="ftp.soturismo.com.br//public_html/siteNutricao/" local="129528875280000000" remote="130130370000000000" />
<file name="timesi.php" server="ftp.soturismo.com.br//public_html/siteNutricao/" local="129528875280000000" remote="130130370000000000" />
<file name="zapfdingbats.php" server="ftp.soturismo.com.br//public_html/siteNutricao/" local="129528875280000000" remote="130130370000000000" />
</dwsync>