<?xml version="1.0" encoding="utf-8" ?>
<dwsync>
<file name="conecta_mysql.inc" server="ftp.soturismo.com.br//public_html/siteNutricao/" local="130125166633560507" remote="130125166200000000" />
<file name="create.sql" server="ftp.soturismo.com.br//public_html/siteNutricao/" local="127084531200000000" remote="130124292000000000" />
<file name="login.html" server="ftp.soturismo.com.br//public_html/siteNutricao/" local="127084567800000000" remote="130124292000000000" />
<file name="login.php" server="ftp.soturismo.com.br//public_html/siteNutricao/" local="130125167348260857" remote="130125166800000000" />
<file name="logout.php" server="ftp.soturismo.com.br//public_html/siteNutricao/" local="127087341000000000" remote="130124292000000000" />
<file name="pagina1.php" server="ftp.soturismo.com.br//public_html/siteNutricao/" local="127087348200000000" remote="130124292000000000" />
<file name="pagina2.php" server="ftp.soturismo.com.br//public_html/siteNutricao/" local="127087348200000000" remote="130124292000000000" />
<file name="pagina_inicial.php" server="ftp.soturismo.com.br//public_html/siteNutricao/" local="127087348200000000" remote="130124292000000000" />
<file name="valida_sessao.inc" server="ftp.soturismo.com.br//public_html/siteNutricao/" local="130125168333959487" remote="130125168000000000" />
</dwsync>