<?xml version="1.0" encoding="utf-8" ?>
<dwsync>
<file name="courier.php" server="ftp.soturismo.com.br//public_html/siteNutricao/" local="126499681800000000" remote="130124291400000000" />
<file name="helvetica.php" server="ftp.soturismo.com.br//public_html/siteNutricao/" local="126491430600000000" remote="130124291400000000" />
<file name="helveticab.php" server="ftp.soturismo.com.br//public_html/siteNutricao/" local="126491433600000000" remote="130124291400000000" />
<file name="helveticabi.php" server="ftp.soturismo.com.br//public_html/siteNutricao/" local="126491435400000000" remote="130124291400000000" />
<file name="helveticai.php" server="ftp.soturismo.com.br//public_html/siteNutricao/" local="126491434200000000" remote="130124291400000000" />
<file name="symbol.php" server="ftp.soturismo.com.br//public_html/siteNutricao/" local="126492940800000000" remote="130124291400000000" />
<file name="times.php" server="ftp.soturismo.com.br//public_html/siteNutricao/" local="126490524600000000" remote="130124291400000000" />
<file name="timesb.php" server="ftp.soturismo.com.br//public_html/siteNutricao/" local="126491425200000000" remote="130124291400000000" />
<file name="timesbi.php" server="ftp.soturismo.com.br//public_html/siteNutricao/" local="126491427600000000" remote="130124291400000000" />
<file name="timesi.php" server="ftp.soturismo.com.br//public_html/siteNutricao/" local="126491427600000000" remote="130124291400000000" />
<file name="zapfdingbats.php" server="ftp.soturismo.com.br//public_html/siteNutricao/" local="126493686000000000" remote="130124291400000000" />
</dwsync>