<?xml version="1.0" encoding="utf-8" ?>
<dwsync>
<file name="20k_c1.txt" server="ftp.soturismo.com.br//public_html/siteNutricao/" local="126518006720000000" remote="130130370600000000" />
<file name="20k_c2.txt" server="ftp.soturismo.com.br//public_html/siteNutricao/" local="126518022400000000" remote="130130370600000000" />
<file name="calligra.php" server="ftp.soturismo.com.br//public_html/siteNutricao/" local="129528917360000000" remote="130130370600000000" />
<file name="calligra.ttf" server="ftp.soturismo.com.br//public_html/siteNutricao/" local="123627312000000000" remote="130130370600000000" />
<file name="calligra.z" server="ftp.soturismo.com.br//public_html/siteNutricao/" local="129528917360000000" remote="130130370600000000" />
<file name="countries.txt" server="ftp.soturismo.com.br//public_html/siteNutricao/" local="126593393200000000" remote="130130370600000000" />
<file name="index.htm" server="ftp.soturismo.com.br//public_html/siteNutricao/" local="129528961100000000" remote="130130370600000000" />
<file name="logo.png" server="ftp.soturismo.com.br//public_html/siteNutricao/" local="126630394200000000" remote="130130370600000000" />
<file name="makefont.php" server="ftp.soturismo.com.br//public_html/siteNutricao/" local="129528905320000000" remote="130130370600000000" />
<file name="tuto1.htm" server="ftp.soturismo.com.br//public_html/siteNutricao/" local="129528961100000000" remote="130130370600000000" />
<file name="tuto1.php" server="ftp.soturismo.com.br//public_html/siteNutricao/" local="129528961100000000" remote="130130370600000000" />
<file name="tuto2.htm" server="ftp.soturismo.com.br//public_html/siteNutricao/" local="129528961100000000" remote="130130370600000000" />
<file name="tuto2.php" server="ftp.soturismo.com.br//public_html/siteNutricao/" local="129528961100000000" remote="130130370600000000" />
<file name="tuto3.htm" server="ftp.soturismo.com.br//public_html/siteNutricao/" local="129528961100000000" remote="130130370600000000" />
<file name="tuto3.php" server="ftp.soturismo.com.br//public_html/siteNutricao/" local="129528961100000000" remote="130130370600000000" />
<file name="tuto4.htm" server="ftp.soturismo.com.br//public_html/siteNutricao/" local="129528961100000000" remote="130130370600000000" />
<file name="tuto4.php" server="ftp.soturismo.com.br//public_html/siteNutricao/" local="129528961100000000" remote="130130370600000000" />
<file name="tuto5.htm" server="ftp.soturismo.com.br//public_html/siteNutricao/" local="129528961100000000" remote="130130370600000000" />
<file name="tuto5.php" server="ftp.soturismo.com.br//public_html/siteNutricao/" local="129528961100000000" remote="130130370600000000" />
<file name="tuto6.htm" server="ftp.soturismo.com.br//public_html/siteNutricao/" local="129528961100000000" remote="130130370600000000" />
<file name="tuto6.php" server="ftp.soturismo.com.br//public_html/siteNutricao/" local="129528961100000000" remote="130130370600000000" />
<file name="tuto7.htm" server="ftp.soturismo.com.br//public_html/siteNutricao/" local="129528961100000000" remote="130130370600000000" />
<file name="tuto7.php" server="ftp.soturismo.com.br//public_html/siteNutricao/" local="129528961120000000" remote="130130370600000000" />
</dwsync>