<?xml version="1.0" encoding="utf-8" ?>
<dwsync>
<file name="acceptpagebreak.htm" server="ftp.soturismo.com.br//public_html/siteNutricao/" local="126859209600000000" remote="130124291400000000" />
<file name="addfont.htm" server="ftp.soturismo.com.br//public_html/siteNutricao/" local="126859209600000000" remote="130124291400000000" />
<file name="addlink.htm" server="ftp.soturismo.com.br//public_html/siteNutricao/" local="126859209600000000" remote="130124291400000000" />
<file name="addpage.htm" server="ftp.soturismo.com.br//public_html/siteNutricao/" local="126859209600000000" remote="130124291400000000" />
<file name="aliasnbpages.htm" server="ftp.soturismo.com.br//public_html/siteNutricao/" local="126859209600000000" remote="130124291400000000" />
<file name="cell.htm" server="ftp.soturismo.com.br//public_html/siteNutricao/" local="126859209600000000" remote="130124291400000000" />
<file name="close.htm" server="ftp.soturismo.com.br//public_html/siteNutricao/" local="126859209600000000" remote="130124291400000000" />
<file name="error.htm" server="ftp.soturismo.com.br//public_html/siteNutricao/" local="126859209600000000" remote="130124291400000000" />
<file name="footer.htm" server="ftp.soturismo.com.br//public_html/siteNutricao/" local="126859209600000000" remote="130124291400000000" />
<file name="fpdf.htm" server="ftp.soturismo.com.br//public_html/siteNutricao/" local="126859209600000000" remote="130124291400000000" />
<file name="getstringwidth.htm" server="ftp.soturismo.com.br//public_html/siteNutricao/" local="126859209600000000" remote="130124291400000000" />
<file name="getx.htm" server="ftp.soturismo.com.br//public_html/siteNutricao/" local="126859209600000000" remote="130124291400000000" />
<file name="gety.htm" server="ftp.soturismo.com.br//public_html/siteNutricao/" local="126859209600000000" remote="130124291400000000" />
<file name="header.htm" server="ftp.soturismo.com.br//public_html/siteNutricao/" local="126859209600000000" remote="130124291400000000" />
<file name="image.htm" server="ftp.soturismo.com.br//public_html/siteNutricao/" local="126859209600000000" remote="130124291400000000" />
<file name="index.htm" server="ftp.soturismo.com.br//public_html/siteNutricao/" local="126859209600000000" remote="130124291400000000" />
<file name="line.htm" server="ftp.soturismo.com.br//public_html/siteNutricao/" local="126859209600000000" remote="130124291400000000" />
<file name="link.htm" server="ftp.soturismo.com.br//public_html/siteNutricao/" local="126859209600000000" remote="130124291400000000" />
<file name="ln.htm" server="ftp.soturismo.com.br//public_html/siteNutricao/" local="126859209600000000" remote="130124291400000000" />
<file name="multicell.htm" server="ftp.soturismo.com.br//public_html/siteNutricao/" local="126859209600000000" remote="130124291400000000" />
<file name="open.htm" server="ftp.soturismo.com.br//public_html/siteNutricao/" local="126859209600000000" remote="130124291400000000" />
<file name="output.htm" server="ftp.soturismo.com.br//public_html/siteNutricao/" local="126859209600000000" remote="130124291400000000" />
<file name="pageno.htm" server="ftp.soturismo.com.br//public_html/siteNutricao/" local="126859209600000000" remote="130124291400000000" />
<file name="rect.htm" server="ftp.soturismo.com.br//public_html/siteNutricao/" local="126859209600000000" remote="130124291400000000" />
<file name="setauthor.htm" server="ftp.soturismo.com.br//public_html/siteNutricao/" local="126859209600000000" remote="130124291400000000" />
<file name="setautopagebreak.htm" server="ftp.soturismo.com.br//public_html/siteNutricao/" local="126859209600000000" remote="130124291400000000" />
<file name="setcompression.htm" server="ftp.soturismo.com.br//public_html/siteNutricao/" local="126859209600000000" remote="130124291400000000" />
<file name="setcreator.htm" server="ftp.soturismo.com.br//public_html/siteNutricao/" local="126859209600000000" remote="130124291400000000" />
<file name="setdisplaymode.htm" server="ftp.soturismo.com.br//public_html/siteNutricao/" local="126859209600000000" remote="130124291400000000" />
<file name="setdrawcolor.htm" server="ftp.soturismo.com.br//public_html/siteNutricao/" local="126859209600000000" remote="130124291400000000" />
<file name="setfillcolor.htm" server="ftp.soturismo.com.br//public_html/siteNutricao/" local="126859209600000000" remote="130124291400000000" />
<file name="setfont.htm" server="ftp.soturismo.com.br//public_html/siteNutricao/" local="126859209600000000" remote="130124291400000000" />
<file name="setfontsize.htm" server="ftp.soturismo.com.br//public_html/siteNutricao/" local="126859209600000000" remote="130124291400000000" />
<file name="setkeywords.htm" server="ftp.soturismo.com.br//public_html/siteNutricao/" local="126859209600000000" remote="130124291400000000" />
<file name="setleftmargin.htm" server="ftp.soturismo.com.br//public_html/siteNutricao/" local="126859209600000000" remote="130124291400000000" />
<file name="setlinewidth.htm" server="ftp.soturismo.com.br//public_html/siteNutricao/" local="126859209600000000" remote="130124291400000000" />
<file name="setlink.htm" server="ftp.soturismo.com.br//public_html/siteNutricao/" local="126859209600000000" remote="130124291400000000" />
<file name="setmargins.htm" server="ftp.soturismo.com.br//public_html/siteNutricao/" local="126859209600000000" remote="130124291400000000" />
<file name="setrightmargin.htm" server="ftp.soturismo.com.br//public_html/siteNutricao/" local="126859209600000000" remote="130124291400000000" />
<file name="setsubject.htm" server="ftp.soturismo.com.br//public_html/siteNutricao/" local="126859209600000000" remote="130124291400000000" />
<file name="settextcolor.htm" server="ftp.soturismo.com.br//public_html/siteNutricao/" local="126859209600000000" remote="130124291400000000" />
<file name="settitle.htm" server="ftp.soturismo.com.br//public_html/siteNutricao/" local="126859209600000000" remote="130124291400000000" />
<file name="settopmargin.htm" server="ftp.soturismo.com.br//public_html/siteNutricao/" local="126859209600000000" remote="130124291400000000" />
<file name="setx.htm" server="ftp.soturismo.com.br//public_html/siteNutricao/" local="126859209600000000" remote="130124291400000000" />
<file name="setxy.htm" server="ftp.soturismo.com.br//public_html/siteNutricao/" local="126859209600000000" remote="130124291400000000" />
<file name="sety.htm" server="ftp.soturismo.com.br//public_html/siteNutricao/" local="126859209600000000" remote="130124291400000000" />
<file name="text.htm" server="ftp.soturismo.com.br//public_html/siteNutricao/" local="126859209600000000" remote="130124291400000000" />
<file name="write.htm" server="ftp.soturismo.com.br//public_html/siteNutricao/" local="126859209600000000" remote="130124291400000000" />
</dwsync>