<?xml version="1.0" encoding="utf-8" ?>
<dwsync>
<file name="create.sql" server="ftp.soturismo.com.br//public_html/siteNutricao/" local="127027735200000000" remote="130124292000000000" />
<file name="prog1.php" server="ftp.soturismo.com.br//public_html/siteNutricao/" local="127075899600000000" remote="130124292000000000" />
<file name="prog10.php" server="ftp.soturismo.com.br//public_html/siteNutricao/" local="127076919000000000" remote="130124292000000000" />
<file name="prog11.php" server="ftp.soturismo.com.br//public_html/siteNutricao/" local="127076928000000000" remote="130124292000000000" />
<file name="prog12.php" server="ftp.soturismo.com.br//public_html/siteNutricao/" local="127076950800000000" remote="130124292000000000" />
<file name="prog13.php" server="ftp.soturismo.com.br//public_html/siteNutricao/" local="127076971200000000" remote="130124292000000000" />
<file name="prog14.php" server="ftp.soturismo.com.br//public_html/siteNutricao/" local="127076988000000000" remote="130124292000000000" />
<file name="prog15.php" server="ftp.soturismo.com.br//public_html/siteNutricao/" local="127076990400000000" remote="130124292000000000" />
<file name="prog16.php" server="ftp.soturismo.com.br//public_html/siteNutricao/" local="127076994600000000" remote="130124292000000000" />
<file name="prog17.php" server="ftp.soturismo.com.br//public_html/siteNutricao/" local="130125098963155362" remote="130125098400000000" />
<file name="prog2.php" server="ftp.soturismo.com.br//public_html/siteNutricao/" local="130124940112054740" remote="130124940000000000" />
<file name="prog3.php" server="ftp.soturismo.com.br//public_html/siteNutricao/" local="127076064600000000" remote="130124292000000000" />
<file name="prog4.php" server="ftp.soturismo.com.br//public_html/siteNutricao/" local="127076070000000000" remote="130124292000000000" />
<file name="prog5.php" server="ftp.soturismo.com.br//public_html/siteNutricao/" local="130124942921882055" remote="130124942400000000" />
<file name="prog6.php" server="ftp.soturismo.com.br//public_html/siteNutricao/" local="127076119200000000" remote="130124292000000000" />
<file name="prog7.php" server="ftp.soturismo.com.br//public_html/siteNutricao/" local="127076125200000000" remote="130124292000000000" />
<file name="prog8.php" server="ftp.soturismo.com.br//public_html/siteNutricao/" local="127076889000000000" remote="130124292000000000" />
<file name="prog9.php" server="ftp.soturismo.com.br//public_html/siteNutricao/" local="127076893200000000" remote="130124292000000000" />
<file name="prog17_oop.php" server="ftp.soturismo.com.br//public_html/siteNutricao/" local="130125102362283507" remote="130125102000000000" />
</dwsync>