<?xml version="1.0" encoding="ISO-8859-1"?>
<noticias>
	<noticia>
		<titulo>Bovespa Dispara</titulo>
		<texto>O Bovespa registrou recorde de investimentos nesse ano de 2007.</texto>
		<assunto>Economia</assunto>
	</noticia>
<noticia><titulo>Economia cresce</titulo><texto>A economia do Brasil vai crescer acima dos 4% em 2007.</texto><assunto>Economia</assunto></noticia><noticia><titulo>JEC na Arena</titulo><texto>JEC inicia no Campeonato Catarinense com jogo na Arena Joinville.</texto><assunto>Esporte</assunto></noticia></noticias>
